kernel_name,case,current_time_us,stable_time_us,delta_percent,classification
_fused_add_layernorm_fwd_kernel,mojo_opset/tests/perf/test_normalization.py::test_residual_add_layernorm[post-1e-05-x0-residual0-weight0-bias0],3.409,3.445,-1.04,波动
_fused_add_layernorm_fwd_kernel,mojo_opset/tests/perf/test_normalization.py::test_residual_add_layernorm[post-1e-05-x1-residual1-weight1-bias1],3.564,3.137,+13.61,波动
_fused_add_layernorm_fwd_kernel,mojo_opset/tests/perf/test_normalization.py::test_residual_add_layernorm[post-1e-05-x2-residual2-weight2-bias2],3.624,3.865,-6.24,波动
_fused_add_layernorm_fwd_kernel,mojo_opset/tests/perf/test_normalization.py::test_residual_add_layernorm[pre-1e-05-x0-residual0-weight0-bias0],3.794,3.595,+5.54,波动
_fused_add_layernorm_fwd_kernel,mojo_opset/tests/perf/test_normalization.py::test_residual_add_layernorm[pre-1e-05-x1-residual1-weight1-bias1],3.146,3.662,-14.09,波动
_fused_add_layernorm_fwd_kernel,mojo_opset/tests/perf/test_normalization.py::test_residual_add_layernorm[pre-1e-05-x2-residual2-weight2-bias2],3.998,3.382,+18.21,波动
_fused_add_rmsnorm_fwd_kernel,mojo_opset/tests/perf/test_normalization.py::test_residual_add_rmsnorm[post-1e-05-dtype0-shape3],5.880,5.909,-0.49,波动
_fused_add_rmsnorm_fwd_kernel,mojo_opset/tests/perf/test_normalization.py::test_residual_add_rmsnorm[post-1e-05-dtype1-shape3],5.509,5.416,+1.72,波动
_fused_add_rmsnorm_fwd_kernel,mojo_opset/tests/perf/test_normalization.py::test_residual_add_rmsnorm[post-1e-05-dtype2-shape3],5.537,5.407,+2.40,波动
_fused_add_rmsnorm_fwd_kernel,mojo_opset/tests/perf/test_normalization.py::test_residual_add_rmsnorm[pre-1e-05-dtype0-shape3],5.768,5.709,+1.03,波动
_fused_add_rmsnorm_fwd_kernel,mojo_opset/tests/perf/test_normalization.py::test_residual_add_rmsnorm[pre-1e-05-dtype1-shape3],5.512,5.471,+0.75,波动
_fused_add_rmsnorm_fwd_kernel,mojo_opset/tests/perf/test_normalization.py::test_residual_add_rmsnorm[pre-1e-05-dtype2-shape3],5.532,5.708,-3.08,波动
_fused_add_rmsnorm_fwd_single_pass_kernel,mojo_opset/tests/perf/test_normalization.py::test_residual_add_rmsnorm[post-1e-05-dtype0-shape0],1.986,2.007,-1.05,波动
_fused_add_rmsnorm_fwd_single_pass_kernel,mojo_opset/tests/perf/test_normalization.py::test_residual_add_rmsnorm[post-1e-05-dtype0-shape1],2.800,2.785,+0.54,波动
_fused_add_rmsnorm_fwd_single_pass_kernel,mojo_opset/tests/perf/test_normalization.py::test_residual_add_rmsnorm[post-1e-05-dtype0-shape2],6.256,6.398,-2.22,波动
_fused_add_rmsnorm_fwd_single_pass_kernel,mojo_opset/tests/perf/test_normalization.py::test_residual_add_rmsnorm[post-1e-05-dtype0-shape4],1.743,1.678,+3.87,波动
_fused_add_rmsnorm_fwd_single_pass_kernel,mojo_opset/tests/perf/test_normalization.py::test_residual_add_rmsnorm[post-1e-05-dtype1-shape0],1.867,1.823,+2.41,波动
_fused_add_rmsnorm_fwd_single_pass_kernel,mojo_opset/tests/perf/test_normalization.py::test_residual_add_rmsnorm[post-1e-05-dtype1-shape1],3.788,3.799,-0.29,波动
_fused_add_rmsnorm_fwd_single_pass_kernel,mojo_opset/tests/perf/test_normalization.py::test_residual_add_rmsnorm[post-1e-05-dtype1-shape2],5.799,6.023,-3.72,波动
_fused_add_rmsnorm_fwd_single_pass_kernel,mojo_opset/tests/perf/test_normalization.py::test_residual_add_rmsnorm[post-1e-05-dtype1-shape4],1.681,1.642,+2.38,波动
_fused_add_rmsnorm_fwd_single_pass_kernel,mojo_opset/tests/perf/test_normalization.py::test_residual_add_rmsnorm[post-1e-05-dtype2-shape0],1.868,1.844,+1.30,波动
_fused_add_rmsnorm_fwd_single_pass_kernel,mojo_opset/tests/perf/test_normalization.py::test_residual_add_rmsnorm[post-1e-05-dtype2-shape1],3.797,3.826,-0.76,波动
_fused_add_rmsnorm_fwd_single_pass_kernel,mojo_opset/tests/perf/test_normalization.py::test_residual_add_rmsnorm[post-1e-05-dtype2-shape2],6.031,6.348,-4.99,波动
_fused_add_rmsnorm_fwd_single_pass_kernel,mojo_opset/tests/perf/test_normalization.py::test_residual_add_rmsnorm[post-1e-05-dtype2-shape4],1.623,1.628,-0.31,波动
_fused_add_rmsnorm_fwd_single_pass_kernel,mojo_opset/tests/perf/test_normalization.py::test_residual_add_rmsnorm[pre-1e-05-dtype0-shape0],2.058,2.049,+0.44,波动
_fused_add_rmsnorm_fwd_single_pass_kernel,mojo_opset/tests/perf/test_normalization.py::test_residual_add_rmsnorm[pre-1e-05-dtype0-shape1],2.902,2.912,-0.34,波动
_fused_add_rmsnorm_fwd_single_pass_kernel,mojo_opset/tests/perf/test_normalization.py::test_residual_add_rmsnorm[pre-1e-05-dtype0-shape2],6.426,6.264,+2.59,波动
_fused_add_rmsnorm_fwd_single_pass_kernel,mojo_opset/tests/perf/test_normalization.py::test_residual_add_rmsnorm[pre-1e-05-dtype0-shape4],1.700,1.767,-3.79,波动
_fused_add_rmsnorm_fwd_single_pass_kernel,mojo_opset/tests/perf/test_normalization.py::test_residual_add_rmsnorm[pre-1e-05-dtype1-shape0],1.900,1.922,-1.14,波动
_fused_add_rmsnorm_fwd_single_pass_kernel,mojo_opset/tests/perf/test_normalization.py::test_residual_add_rmsnorm[pre-1e-05-dtype1-shape1],3.867,3.886,-0.49,波动
_fused_add_rmsnorm_fwd_single_pass_kernel,mojo_opset/tests/perf/test_normalization.py::test_residual_add_rmsnorm[pre-1e-05-dtype1-shape2],6.023,5.813,+3.61,波动
_fused_add_rmsnorm_fwd_single_pass_kernel,mojo_opset/tests/perf/test_normalization.py::test_residual_add_rmsnorm[pre-1e-05-dtype1-shape4],1.662,1.642,+1.22,波动
_fused_add_rmsnorm_fwd_single_pass_kernel,mojo_opset/tests/perf/test_normalization.py::test_residual_add_rmsnorm[pre-1e-05-dtype2-shape0],1.920,1.916,+0.21,波动
_fused_add_rmsnorm_fwd_single_pass_kernel,mojo_opset/tests/perf/test_normalization.py::test_residual_add_rmsnorm[pre-1e-05-dtype2-shape1],3.169,3.167,+0.06,波动
_fused_add_rmsnorm_fwd_single_pass_kernel,mojo_opset/tests/perf/test_normalization.py::test_residual_add_rmsnorm[pre-1e-05-dtype2-shape2],6.211,5.974,+3.97,波动
_fused_add_rmsnorm_fwd_single_pass_kernel,mojo_opset/tests/perf/test_normalization.py::test_residual_add_rmsnorm[pre-1e-05-dtype2-shape4],1.683,1.662,+1.26,波动
_gelu_fwd_kernel,mojo_opset/tests/perf/test_activation.py::test_gelu[x0],2.369,2.504,-5.39,波动
_gelu_fwd_kernel,mojo_opset/tests/perf/test_activation.py::test_gelu[x1],22.530,15.507,+45.29,劣化
_group_rmsnorm_interleaved_kernel,mojo_opset/tests/perf/test_normalization.py::test_grouprmsnorm[1e-05-x0-weight0-group_dims0],9.816,9.994,-1.78,波动
_group_rmsnorm_interleaved_kernel,mojo_opset/tests/perf/test_normalization.py::test_grouprmsnorm[1e-05-x1-weight1-group_dims1],11.002,11.207,-1.83,波动
_group_rmsnorm_interleaved_kernel,mojo_opset/tests/perf/test_normalization.py::test_grouprmsnorm[1e-05-x10-weight10-group_dims10],3.289,3.572,-7.92,波动
_group_rmsnorm_interleaved_kernel,mojo_opset/tests/perf/test_normalization.py::test_grouprmsnorm[1e-05-x11-weight11-group_dims11],3.649,3.099,+17.75,波动
_group_rmsnorm_interleaved_kernel,mojo_opset/tests/perf/test_normalization.py::test_grouprmsnorm[1e-05-x12-weight12-group_dims12],3.152,3.351,-5.94,波动
_group_rmsnorm_interleaved_kernel,mojo_opset/tests/perf/test_normalization.py::test_grouprmsnorm[1e-05-x13-weight13-group_dims13],3.806,3.819,-0.34,波动
_group_rmsnorm_interleaved_kernel,mojo_opset/tests/perf/test_normalization.py::test_grouprmsnorm[1e-05-x14-weight14-group_dims14],4.035,3.344,+20.66,波动
_group_rmsnorm_interleaved_kernel,mojo_opset/tests/perf/test_normalization.py::test_grouprmsnorm[1e-05-x15-weight15-group_dims15],3.539,3.526,+0.37,波动
_group_rmsnorm_interleaved_kernel,mojo_opset/tests/perf/test_normalization.py::test_grouprmsnorm[1e-05-x16-weight16-group_dims16],3.834,4.215,-9.04,波动
_group_rmsnorm_interleaved_kernel,mojo_opset/tests/perf/test_normalization.py::test_grouprmsnorm[1e-05-x17-weight17-group_dims17],4.378,3.547,+23.43,波动
_group_rmsnorm_interleaved_kernel,mojo_opset/tests/perf/test_normalization.py::test_grouprmsnorm[1e-05-x18-weight18-group_dims18],4.298,3.927,+9.45,波动
_group_rmsnorm_interleaved_kernel,mojo_opset/tests/perf/test_normalization.py::test_grouprmsnorm[1e-05-x19-weight19-group_dims19],4.087,4.126,-0.95,波动
_group_rmsnorm_interleaved_kernel,mojo_opset/tests/perf/test_normalization.py::test_grouprmsnorm[1e-05-x2-weight2-group_dims2],10.700,11.170,-4.21,波动
_group_rmsnorm_interleaved_kernel,mojo_opset/tests/perf/test_normalization.py::test_grouprmsnorm[1e-05-x20-weight20-group_dims20],4.432,4.450,-0.40,波动
_group_rmsnorm_interleaved_kernel,mojo_opset/tests/perf/test_normalization.py::test_grouprmsnorm[1e-05-x21-weight21-group_dims21],4.317,4.899,-11.88,波动
_group_rmsnorm_interleaved_kernel,mojo_opset/tests/perf/test_normalization.py::test_grouprmsnorm[1e-05-x22-weight22-group_dims22],5.442,5.152,+5.63,波动
_group_rmsnorm_interleaved_kernel,mojo_opset/tests/perf/test_normalization.py::test_grouprmsnorm[1e-05-x23-weight23-group_dims23],4.970,5.095,-2.45,波动
_group_rmsnorm_interleaved_kernel,mojo_opset/tests/perf/test_normalization.py::test_grouprmsnorm[1e-05-x24-weight24-group_dims24],12.187,12.242,-0.45,波动
_group_rmsnorm_interleaved_kernel,mojo_opset/tests/perf/test_normalization.py::test_grouprmsnorm[1e-05-x25-weight25-group_dims25],13.857,13.677,+1.32,波动
_group_rmsnorm_interleaved_kernel,mojo_opset/tests/perf/test_normalization.py::test_grouprmsnorm[1e-05-x26-weight26-group_dims26],13.661,13.350,+2.33,波动
_group_rmsnorm_interleaved_kernel,mojo_opset/tests/perf/test_normalization.py::test_grouprmsnorm[1e-05-x27-weight27-group_dims27],10.641,11.419,-6.81,波动
_group_rmsnorm_interleaved_kernel,mojo_opset/tests/perf/test_normalization.py::test_grouprmsnorm[1e-05-x28-weight28-group_dims28],12.416,12.308,+0.88,波动
_group_rmsnorm_interleaved_kernel,mojo_opset/tests/perf/test_normalization.py::test_grouprmsnorm[1e-05-x29-weight29-group_dims29],12.203,12.055,+1.23,波动
_group_rmsnorm_interleaved_kernel,mojo_opset/tests/perf/test_normalization.py::test_grouprmsnorm[1e-05-x3-weight3-group_dims3],11.513,11.358,+1.36,波动
_group_rmsnorm_interleaved_kernel,mojo_opset/tests/perf/test_normalization.py::test_grouprmsnorm[1e-05-x30-weight30-group_dims30],17.680,17.926,-1.37,波动
_group_rmsnorm_interleaved_kernel,mojo_opset/tests/perf/test_normalization.py::test_grouprmsnorm[1e-05-x31-weight31-group_dims31],24.023,23.790,+0.98,波动
_group_rmsnorm_interleaved_kernel,mojo_opset/tests/perf/test_normalization.py::test_grouprmsnorm[1e-05-x32-weight32-group_dims32],24.087,24.199,-0.46,波动
_group_rmsnorm_interleaved_kernel,mojo_opset/tests/perf/test_normalization.py::test_grouprmsnorm[1e-05-x4-weight4-group_dims4],12.668,13.122,-3.46,波动
_group_rmsnorm_interleaved_kernel,mojo_opset/tests/perf/test_normalization.py::test_grouprmsnorm[1e-05-x5-weight5-group_dims5],12.956,12.499,+3.66,波动
_group_rmsnorm_interleaved_kernel,mojo_opset/tests/perf/test_normalization.py::test_grouprmsnorm[1e-05-x6-weight6-group_dims6],435.385,434.425,+0.22,波动
_group_rmsnorm_interleaved_kernel,mojo_opset/tests/perf/test_normalization.py::test_grouprmsnorm[1e-05-x7-weight7-group_dims7],246.600,246.436,+0.07,波动
_group_rmsnorm_interleaved_kernel,mojo_opset/tests/perf/test_normalization.py::test_grouprmsnorm[1e-05-x8-weight8-group_dims8],243.761,241.523,+0.93,波动
_group_rmsnorm_interleaved_kernel,mojo_opset/tests/perf/test_normalization.py::test_grouprmsnorm[1e-05-x9-weight9-group_dims9],3.466,3.268,+6.06,波动
_int8_gemm_dequant_kernel,mojo_opset/tests/perf/test_gemm_dequant.py::test_quant_gemm_perf[x_i80-w_i80-x_scale0-w_scale0-output_dtype0-False],12.478,12.537,-0.47,波动
_int8_gemm_dequant_kernel,mojo_opset/tests/perf/test_gemm_dequant.py::test_quant_gemm_perf[x_i81-w_i81-x_scale1-w_scale1-output_dtype1-False],11.984,12.410,-3.43,波动
_int8_gemm_dequant_kernel,mojo_opset/tests/perf/test_gemm_dequant.py::test_quant_gemm_perf[x_i810-w_i810-x_scale10-w_scale10-output_dtype10-False],391.059,386.594,+1.15,波动
_int8_gemm_dequant_kernel,mojo_opset/tests/perf/test_gemm_dequant.py::test_quant_gemm_perf[x_i82-w_i82-x_scale2-w_scale2-output_dtype2-False],17.335,16.650,+4.11,波动
_int8_gemm_dequant_kernel,mojo_opset/tests/perf/test_gemm_dequant.py::test_quant_gemm_perf[x_i83-w_i83-x_scale3-w_scale3-output_dtype3-False],24.484,24.258,+0.93,波动
_int8_gemm_dequant_kernel,mojo_opset/tests/perf/test_gemm_dequant.py::test_quant_gemm_perf[x_i84-w_i84-x_scale4-w_scale4-output_dtype4-False],39.032,39.055,-0.06,波动
_int8_gemm_dequant_kernel,mojo_opset/tests/perf/test_gemm_dequant.py::test_quant_gemm_perf[x_i85-w_i85-x_scale5-w_scale5-output_dtype5-False],56.715,56.224,+0.87,波动
_int8_gemm_dequant_kernel,mojo_opset/tests/perf/test_gemm_dequant.py::test_quant_gemm_perf[x_i86-w_i86-x_scale6-w_scale6-output_dtype6-False],107.137,106.363,+0.73,波动
_int8_gemm_dequant_kernel,mojo_opset/tests/perf/test_gemm_dequant.py::test_quant_gemm_perf[x_i87-w_i87-x_scale7-w_scale7-output_dtype7-False],196.163,197.322,-0.59,波动
_int8_gemm_dequant_kernel,mojo_opset/tests/perf/test_gemm_dequant.py::test_quant_gemm_perf[x_i88-w_i88-x_scale8-w_scale8-output_dtype8-False],30.926,26.399,+17.15,劣化
_int8_gemm_dequant_kernel,mojo_opset/tests/perf/test_gemm_dequant.py::test_quant_gemm_perf[x_i89-w_i89-x_scale9-w_scale9-output_dtype9-False],106.421,106.477,-0.05,波动
_join_prob_reject_sampler_kernel,mojo_opset/tests/perf/test_sampling.py::test_magic_reject_sampling[target_logits0-draft_tokens0-draft_probs0-3-0.7-100],4.364,4.499,-3.00,波动
_layernorm_fwd_kernel,mojo_opset/tests/perf/test_normalization.py::test_layernorm[1e-05-dtype0-shape1],5.607,5.864,-4.38,波动
_layernorm_fwd_kernel,mojo_opset/tests/perf/test_normalization.py::test_layernorm[1e-05-dtype0-shape2],5.850,5.538,+5.63,波动
_layernorm_fwd_kernel,mojo_opset/tests/perf/test_normalization.py::test_layernorm[1e-05-dtype0-shape4],847.119,846.099,+0.12,波动
_layernorm_fwd_kernel,mojo_opset/tests/perf/test_normalization.py::test_layernorm[1e-05-dtype1-shape1],5.022,5.068,-0.91,波动
_layernorm_fwd_kernel,mojo_opset/tests/perf/test_normalization.py::test_layernorm[1e-05-dtype1-shape2],5.480,5.413,+1.24,波动
_layernorm_fwd_kernel,mojo_opset/tests/perf/test_normalization.py::test_layernorm[1e-05-dtype1-shape4],534.201,530.480,+0.70,波动
_layernorm_fwd_kernel,mojo_opset/tests/perf/test_normalization.py::test_layernorm[1e-05-dtype2-shape1],5.186,5.081,+2.07,波动
_layernorm_fwd_kernel,mojo_opset/tests/perf/test_normalization.py::test_layernorm[1e-05-dtype2-shape2],5.341,5.224,+2.24,波动
_layernorm_fwd_kernel,mojo_opset/tests/perf/test_normalization.py::test_layernorm[1e-05-dtype2-shape4],531.586,527.017,+0.87,波动
_layernorm_fwd_single_pass_kernel,mojo_opset/tests/perf/test_normalization.py::test_layernorm[1e-05-dtype0-shape0],3.305,3.486,-5.19,波动
_layernorm_fwd_single_pass_kernel,mojo_opset/tests/perf/test_normalization.py::test_layernorm[1e-05-dtype0-shape3],3.003,3.189,-5.83,波动
_layernorm_fwd_single_pass_kernel,mojo_opset/tests/perf/test_normalization.py::test_layernorm[1e-05-dtype0-shape5],3.400,3.604,-5.66,波动
_layernorm_fwd_single_pass_kernel,mojo_opset/tests/perf/test_normalization.py::test_layernorm[1e-05-dtype1-shape0],4.553,4.654,-2.17,波动
_layernorm_fwd_single_pass_kernel,mojo_opset/tests/perf/test_normalization.py::test_layernorm[1e-05-dtype1-shape3],3.078,3.139,-1.94,波动
_layernorm_fwd_single_pass_kernel,mojo_opset/tests/perf/test_normalization.py::test_layernorm[1e-05-dtype1-shape5],3.417,3.650,-6.38,波动
_layernorm_fwd_single_pass_kernel,mojo_opset/tests/perf/test_normalization.py::test_layernorm[1e-05-dtype2-shape0],4.392,4.345,+1.08,波动
_layernorm_fwd_single_pass_kernel,mojo_opset/tests/perf/test_normalization.py::test_layernorm[1e-05-dtype2-shape3],3.058,2.785,+9.80,波动
_layernorm_fwd_single_pass_kernel,mojo_opset/tests/perf/test_normalization.py::test_layernorm[1e-05-dtype2-shape5],3.227,3.121,+3.40,波动
_reject_sampler_kernel,mojo_opset/tests/perf/test_sampling.py::test_reject_sampling[target_logits0-draft_tokens0-draft_probs0-3],2.976,3.003,-0.90,波动
_rmsnorm_bwd_kernel,mojo_opset/tests/perf/test_normalization.py::test_rmsnorm_forward_backward_diff[x0-weight0],4.058,4.201,-3.40,波动
_rmsnorm_bwd_kernel,mojo_opset/tests/perf/test_normalization.py::test_rmsnorm_forward_backward_diff[x3-weight3],4.100,4.884,-16.05,波动
_rmsnorm_bwd_kernel,mojo_opset/tests/perf/test_normalization.py::test_rmsnorm_forward_backward_diff[x6-weight6],4.853,5.295,-8.35,波动
_rmsnorm_bwd_kernel,mojo_opset/tests/perf/test_normalization.py::test_rmsnorm_forward_backward_diff[x9-weight9],5.784,5.479,+5.57,波动
_rmsnorm_bwd_large_cols_kernel,mojo_opset/tests/perf/test_normalization.py::test_rmsnorm_forward_backward_diff[x1-weight1],7.878,7.420,+6.17,波动
_rmsnorm_bwd_large_cols_kernel,mojo_opset/tests/perf/test_normalization.py::test_rmsnorm_forward_backward_diff[x10-weight10],34.496,35.545,-2.95,波动
_rmsnorm_bwd_large_cols_kernel,mojo_opset/tests/perf/test_normalization.py::test_rmsnorm_forward_backward_diff[x11-weight11],873.467,878.851,-0.61,波动
_rmsnorm_bwd_large_cols_kernel,mojo_opset/tests/perf/test_normalization.py::test_rmsnorm_forward_backward_diff[x2-weight2],7.732,7.838,-1.35,波动
_rmsnorm_bwd_large_cols_kernel,mojo_opset/tests/perf/test_normalization.py::test_rmsnorm_forward_backward_diff[x4-weight4],44.317,42.602,+4.03,波动
_rmsnorm_bwd_large_cols_kernel,mojo_opset/tests/perf/test_normalization.py::test_rmsnorm_forward_backward_diff[x5-weight5],1313.805,1319.504,-0.43,波动
_rmsnorm_bwd_large_cols_kernel,mojo_opset/tests/perf/test_normalization.py::test_rmsnorm_forward_backward_diff[x7-weight7],6.539,7.074,-7.56,波动
_rmsnorm_bwd_large_cols_kernel,mojo_opset/tests/perf/test_normalization.py::test_rmsnorm_forward_backward_diff[x8-weight8],7.432,7.543,-1.47,波动
_rmsnorm_fwd_kernel,mojo_opset/tests/perf/test_normalization.py::test_rmsnorm_forward_backward_diff[x0-weight0],3.736,4.167,-10.34,波动
_rmsnorm_fwd_kernel,mojo_opset/tests/perf/test_normalization.py::test_rmsnorm_forward_backward_diff[x1-weight1],5.966,5.484,+8.79,波动
_rmsnorm_fwd_kernel,mojo_opset/tests/perf/test_normalization.py::test_rmsnorm_forward_backward_diff[x10-weight10],20.762,22.783,-8.87,提升
_rmsnorm_fwd_kernel,mojo_opset/tests/perf/test_normalization.py::test_rmsnorm_forward_backward_diff[x11-weight11],582.038,577.588,+0.77,波动
_rmsnorm_fwd_kernel,mojo_opset/tests/perf/test_normalization.py::test_rmsnorm_forward_backward_diff[x2-weight2],5.691,6.217,-8.46,波动
_rmsnorm_fwd_kernel,mojo_opset/tests/perf/test_normalization.py::test_rmsnorm_forward_backward_diff[x3-weight3],3.861,4.443,-13.10,波动
_rmsnorm_fwd_kernel,mojo_opset/tests/perf/test_normalization.py::test_rmsnorm_forward_backward_diff[x4-weight4],29.784,28.301,+5.24,波动
_rmsnorm_fwd_kernel,mojo_opset/tests/perf/test_normalization.py::test_rmsnorm_forward_backward_diff[x5-weight5],866.351,895.818,-3.29,提升
_rmsnorm_fwd_kernel,mojo_opset/tests/perf/test_normalization.py::test_rmsnorm_forward_backward_diff[x6-weight6],4.670,4.943,-5.52,波动
_rmsnorm_fwd_kernel,mojo_opset/tests/perf/test_normalization.py::test_rmsnorm_forward_backward_diff[x7-weight7],5.218,5.331,-2.12,波动
_rmsnorm_fwd_kernel,mojo_opset/tests/perf/test_normalization.py::test_rmsnorm_forward_backward_diff[x8-weight8],4.735,5.240,-9.64,波动
_rmsnorm_fwd_kernel,mojo_opset/tests/perf/test_normalization.py::test_rmsnorm_forward_backward_diff[x9-weight9],5.217,4.424,+17.92,波动
_rmsnorm_infer_kernel_single,mojo_opset/tests/perf/test_normalization.py::test_rmsnorm[1e-05-x0-weight0],3.065,3.241,-5.43,波动
_rmsnorm_infer_kernel_single,mojo_opset/tests/perf/test_normalization.py::test_rmsnorm[1e-05-x1-weight1],3.488,3.277,+6.44,波动
_rmsnorm_infer_kernel_single,mojo_opset/tests/perf/test_normalization.py::test_rmsnorm[1e-05-x10-weight10],4.015,4.171,-3.74,波动
_rmsnorm_infer_kernel_single,mojo_opset/tests/perf/test_normalization.py::test_rmsnorm[1e-05-x11-weight11],4.158,3.954,+5.16,波动
_rmsnorm_infer_kernel_single,mojo_opset/tests/perf/test_normalization.py::test_rmsnorm[1e-05-x12-weight12],3.129,3.267,-4.22,波动
_rmsnorm_infer_kernel_single,mojo_opset/tests/perf/test_normalization.py::test_rmsnorm[1e-05-x13-weight13],3.568,3.170,+12.56,波动
_rmsnorm_infer_kernel_single,mojo_opset/tests/perf/test_normalization.py::test_rmsnorm[1e-05-x14-weight14],3.470,3.697,-6.14,波动
_rmsnorm_infer_kernel_single,mojo_opset/tests/perf/test_normalization.py::test_rmsnorm[1e-05-x15-weight15],3.296,2.873,+14.72,波动
_rmsnorm_infer_kernel_single,mojo_opset/tests/perf/test_normalization.py::test_rmsnorm[1e-05-x16-weight16],3.021,2.715,+11.27,波动
_rmsnorm_infer_kernel_single,mojo_opset/tests/perf/test_normalization.py::test_rmsnorm[1e-05-x17-weight17],2.693,3.126,-13.85,波动
_rmsnorm_infer_kernel_single,mojo_opset/tests/perf/test_normalization.py::test_rmsnorm[1e-05-x18-weight18],12.883,12.418,+3.74,波动
_rmsnorm_infer_kernel_single,mojo_opset/tests/perf/test_normalization.py::test_rmsnorm[1e-05-x19-weight19],12.002,12.320,-2.58,波动
_rmsnorm_infer_kernel_single,mojo_opset/tests/perf/test_normalization.py::test_rmsnorm[1e-05-x2-weight2],3.183,3.307,-3.75,波动
_rmsnorm_infer_kernel_single,mojo_opset/tests/perf/test_normalization.py::test_rmsnorm[1e-05-x20-weight20],12.212,12.243,-0.25,波动
_rmsnorm_infer_kernel_single,mojo_opset/tests/perf/test_normalization.py::test_rmsnorm[1e-05-x21-weight21],812.797,810.093,+0.33,波动
_rmsnorm_infer_kernel_single,mojo_opset/tests/perf/test_normalization.py::test_rmsnorm[1e-05-x22-weight22],413.228,413.303,-0.02,波动
_rmsnorm_infer_kernel_single,mojo_opset/tests/perf/test_normalization.py::test_rmsnorm[1e-05-x23-weight23],413.008,413.898,-0.22,波动
_rmsnorm_infer_kernel_single,mojo_opset/tests/perf/test_normalization.py::test_rmsnorm[1e-05-x24-weight24],3.217,3.397,-5.30,波动
_rmsnorm_infer_kernel_single,mojo_opset/tests/perf/test_normalization.py::test_rmsnorm[1e-05-x25-weight25],3.411,3.054,+11.69,波动
_rmsnorm_infer_kernel_single,mojo_opset/tests/perf/test_normalization.py::test_rmsnorm[1e-05-x26-weight26],3.172,3.038,+4.41,波动
_rmsnorm_infer_kernel_single,mojo_opset/tests/perf/test_normalization.py::test_rmsnorm[1e-05-x27-weight27],4.748,4.516,+5.14,波动
_rmsnorm_infer_kernel_single,mojo_opset/tests/perf/test_normalization.py::test_rmsnorm[1e-05-x28-weight28],4.456,4.017,+10.93,波动
_rmsnorm_infer_kernel_single,mojo_opset/tests/perf/test_normalization.py::test_rmsnorm[1e-05-x29-weight29],4.739,3.926,+20.71,波动
_rmsnorm_infer_kernel_single,mojo_opset/tests/perf/test_normalization.py::test_rmsnorm[1e-05-x3-weight3],3.180,2.978,+6.78,波动
_rmsnorm_infer_kernel_single,mojo_opset/tests/perf/test_normalization.py::test_rmsnorm[1e-05-x30-weight30],4.009,4.243,-5.51,波动
_rmsnorm_infer_kernel_single,mojo_opset/tests/perf/test_normalization.py::test_rmsnorm[1e-05-x31-weight31],4.249,4.172,+1.85,波动
_rmsnorm_infer_kernel_single,mojo_opset/tests/perf/test_normalization.py::test_rmsnorm[1e-05-x32-weight32],4.065,4.274,-4.89,波动
_rmsnorm_infer_kernel_single,mojo_opset/tests/perf/test_normalization.py::test_rmsnorm[1e-05-x33-weight33],2.855,2.867,-0.42,波动
_rmsnorm_infer_kernel_single,mojo_opset/tests/perf/test_normalization.py::test_rmsnorm[1e-05-x34-weight34],2.941,2.875,+2.30,波动
_rmsnorm_infer_kernel_single,mojo_opset/tests/perf/test_normalization.py::test_rmsnorm[1e-05-x35-weight35],3.091,2.688,+14.99,波动
_rmsnorm_infer_kernel_single,mojo_opset/tests/perf/test_normalization.py::test_rmsnorm[1e-05-x36-weight36],810.975,811.779,-0.10,波动
_rmsnorm_infer_kernel_single,mojo_opset/tests/perf/test_normalization.py::test_rmsnorm[1e-05-x37-weight37],413.589,413.679,-0.02,波动
_rmsnorm_infer_kernel_single,mojo_opset/tests/perf/test_normalization.py::test_rmsnorm[1e-05-x38-weight38],412.432,413.887,-0.35,波动
_rmsnorm_infer_kernel_single,mojo_opset/tests/perf/test_normalization.py::test_rmsnorm[1e-05-x4-weight4],3.070,2.905,+5.68,波动
_rmsnorm_infer_kernel_single,mojo_opset/tests/perf/test_normalization.py::test_rmsnorm[1e-05-x5-weight5],2.863,3.179,-9.94,波动
_rmsnorm_infer_kernel_single,mojo_opset/tests/perf/test_normalization.py::test_rmsnorm[1e-05-x6-weight6],4.589,4.217,+8.82,波动
_rmsnorm_infer_kernel_single,mojo_opset/tests/perf/test_normalization.py::test_rmsnorm[1e-05-x7-weight7],4.523,4.295,+5.31,波动
_rmsnorm_infer_kernel_single,mojo_opset/tests/perf/test_normalization.py::test_rmsnorm[1e-05-x8-weight8],4.346,4.208,+3.28,波动
_rmsnorm_infer_kernel_single,mojo_opset/tests/perf/test_normalization.py::test_rmsnorm[1e-05-x9-weight9],3.969,4.275,-7.16,波动
_rope_kernel,mojo_opset/tests/perf/test_position_embedding.py::test_pos_emb[dtype0-128-1-1-8192-32],372.557,372.950,-0.11,波动
_rope_kernel,mojo_opset/tests/perf/test_position_embedding.py::test_pos_emb[dtype0-128-16-1-8192-32],3204.134,3202.832,+0.04,波动
_rope_kernel,mojo_opset/tests/perf/test_position_embedding.py::test_pos_emb[dtype0-128-32-32-8192-32],11928.375,11952.489,-0.20,波动
_rope_kernel,mojo_opset/tests/perf/test_position_embedding.py::test_pos_emb[dtype0-128-32-8-8192-32],7485.800,7481.918,+0.05,波动
_rope_kernel,mojo_opset/tests/perf/test_position_embedding.py::test_pos_emb[dtype1-128-1-1-8192-32],186.723,194.279,-3.89,提升
_rope_kernel,mojo_opset/tests/perf/test_position_embedding.py::test_pos_emb[dtype1-128-16-1-8192-32],1580.535,1578.773,+0.11,波动
_rope_kernel,mojo_opset/tests/perf/test_position_embedding.py::test_pos_emb[dtype1-128-32-32-8192-32],5951.145,5948.612,+0.04,波动
_rope_kernel,mojo_opset/tests/perf/test_position_embedding.py::test_pos_emb[dtype1-128-32-8-8192-32],3734.091,3730.622,+0.09,波动
_rope_kernel,mojo_opset/tests/perf/test_position_embedding.py::test_pos_emb[dtype2-128-1-1-8192-32],187.219,197.460,-5.19,提升
_rope_kernel,mojo_opset/tests/perf/test_position_embedding.py::test_pos_emb[dtype2-128-16-1-8192-32],1581.520,1581.592,-0.00,波动
_rope_kernel,mojo_opset/tests/perf/test_position_embedding.py::test_pos_emb[dtype2-128-32-32-8192-32],5955.249,5953.012,+0.04,波动
_rope_kernel,mojo_opset/tests/perf/test_position_embedding.py::test_pos_emb[dtype2-128-32-8-8192-32],3734.112,3737.231,-0.08,波动
_sdpa_infer_kernel,mojo_opset/tests/perf/test_attention.py::test_sdpa[query0-key0-value0-blockwise_diffusion_attn_mask0-True],4225.846,3975.680,+6.29,劣化
_sdpa_infer_kernel,mojo_opset/tests/perf/test_attention.py::test_swa_infer[AABB-4-1023-M_BF16],48.157,47.833,+0.68,波动
_sdpa_infer_kernel,mojo_opset/tests/perf/test_attention.py::test_swa_infer[AABB-4-1023-M_BF16_PADDIM],45.016,45.112,-0.21,波动
_sdpa_infer_kernel,mojo_opset/tests/perf/test_attention.py::test_swa_infer[AABB-4-1023-M_BF16_WITH_CACHE],85.436,85.771,-0.39,波动
_silu_bwd_flatten_kernel,mojo_opset/tests/perf/test_activation.py::test_silu_forward_backward_diff[shape0],1.759,1.574,+11.75,波动
_silu_bwd_flatten_kernel,mojo_opset/tests/perf/test_activation.py::test_silu_forward_backward_diff[shape1],34.855,50.876,-31.49,提升
_silu_bwd_flatten_kernel,mojo_opset/tests/perf/test_activation.py::test_silu_forward_backward_diff[shape2],47.708,60.647,-21.33,提升
_silu_fwd_flatten_kernel,mojo_opset/tests/perf/test_activation.py::test_silu[x0],1.501,1.444,+3.95,波动
_silu_fwd_flatten_kernel,mojo_opset/tests/perf/test_activation.py::test_silu[x1],1.550,1.586,-2.27,波动
_silu_fwd_flatten_kernel,mojo_opset/tests/perf/test_activation.py::test_silu[x2],17.496,16.014,+9.25,波动
_silu_fwd_flatten_kernel,mojo_opset/tests/perf/test_activation.py::test_silu[x3],15.844,12.668,+25.07,劣化
_silu_fwd_flatten_kernel,mojo_opset/tests/perf/test_activation.py::test_silu_forward_backward_diff[shape0],1.458,1.625,-10.28,波动
_silu_fwd_flatten_kernel,mojo_opset/tests/perf/test_activation.py::test_silu_forward_backward_diff[shape1],15.981,12.508,+27.77,劣化
_silu_fwd_flatten_kernel,mojo_opset/tests/perf/test_activation.py::test_silu_forward_backward_diff[shape2],17.549,15.328,+14.49,劣化
_store_label_cache_triton_kernel,mojo_opset/tests/perf/test_store_lowrank.py::test_store_lowrank[1024-shape_label_cache0-shape_key_lr0],4.162,5.060,-17.75,波动
_store_label_cache_triton_kernel,mojo_opset/tests/perf/test_store_lowrank.py::test_store_lowrank[1024-shape_label_cache1-shape_key_lr1],5.307,5.285,+0.42,波动
_store_label_cache_triton_kernel,mojo_opset/tests/perf/test_store_lowrank.py::test_store_lowrank[13312-shape_label_cache0-shape_key_lr0],22.010,21.912,+0.45,波动
_store_label_cache_triton_kernel,mojo_opset/tests/perf/test_store_lowrank.py::test_store_lowrank[13312-shape_label_cache1-shape_key_lr1],28.524,30.165,-5.44,波动
_store_label_cache_triton_kernel,mojo_opset/tests/perf/test_store_lowrank.py::test_store_lowrank[2048-shape_label_cache0-shape_key_lr0],6.248,5.680,+10.00,波动
_store_label_cache_triton_kernel,mojo_opset/tests/perf/test_store_lowrank.py::test_store_lowrank[4096-shape_label_cache0-shape_key_lr0],8.781,8.797,-0.18,波动
_store_label_cache_triton_kernel,mojo_opset/tests/perf/test_store_lowrank.py::test_store_lowrank[4096-shape_label_cache1-shape_key_lr1],10.739,10.553,+1.76,波动
_store_label_cache_triton_kernel,mojo_opset/tests/perf/test_store_lowrank.py::test_store_lowrank[8192-shape_label_cache0-shape_key_lr0],14.979,15.161,-1.20,波动
_store_label_cache_triton_kernel,mojo_opset/tests/perf/test_store_lowrank.py::test_store_lowrank[8192-shape_label_cache1-shape_key_lr1],18.242,18.733,-2.62,波动
_store_paged_kv_cache_chunk_kernel,mojo_opset/tests/perf/test_kv_cache.py::test_store_paged_kv[1-1-128-1024-context_kv_lens_val22-q_lens_val22],2.786,2.793,-0.25,波动
_store_paged_kv_cache_chunk_kernel,mojo_opset/tests/perf/test_kv_cache.py::test_store_paged_kv[1-1-128-128-context_kv_lens_val19-q_lens_val19],1.433,1.328,+7.91,波动
_store_paged_kv_cache_chunk_kernel,mojo_opset/tests/perf/test_kv_cache.py::test_store_paged_kv[1-1-128-128-context_kv_lens_val20-q_lens_val20],1.372,1.367,+0.37,波动
_store_paged_kv_cache_chunk_kernel,mojo_opset/tests/perf/test_kv_cache.py::test_store_paged_kv[1-1-128-2048-context_kv_lens_val23-q_lens_val23],4.443,4.430,+0.29,波动
_store_paged_kv_cache_chunk_kernel,mojo_opset/tests/perf/test_kv_cache.py::test_store_paged_kv[1-1-128-512-context_kv_lens_val21-q_lens_val21],2.068,2.112,-2.08,波动
_store_paged_kv_cache_chunk_kernel,mojo_opset/tests/perf/test_kv_cache.py::test_store_paged_kv[1-2-128-128-context_kv_lens_val1-q_lens_val1],1.470,1.420,+3.52,波动
_store_paged_kv_cache_chunk_kernel,mojo_opset/tests/perf/test_kv_cache.py::test_store_paged_kv[1-2-128-16-context_kv_lens_val0-q_lens_val0],1.401,1.340,+4.55,波动
_store_paged_kv_cache_chunk_kernel,mojo_opset/tests/perf/test_kv_cache.py::test_store_paged_kv[2-2-128-1024-context_kv_lens_val17-q_lens_val17],5.765,5.844,-1.35,波动
_store_paged_kv_cache_chunk_kernel,mojo_opset/tests/perf/test_kv_cache.py::test_store_paged_kv[2-2-128-128-context_kv_lens_val12-q_lens_val12],2.405,2.318,+3.75,波动
_store_paged_kv_cache_chunk_kernel,mojo_opset/tests/perf/test_kv_cache.py::test_store_paged_kv[2-2-128-128-context_kv_lens_val13-q_lens_val13],1.534,1.542,-0.52,波动
_store_paged_kv_cache_chunk_kernel,mojo_opset/tests/perf/test_kv_cache.py::test_store_paged_kv[2-2-128-128-context_kv_lens_val14-q_lens_val14],2.780,2.762,+0.65,波动
_store_paged_kv_cache_chunk_kernel,mojo_opset/tests/perf/test_kv_cache.py::test_store_paged_kv[2-2-128-2048-context_kv_lens_val18-q_lens_val18],9.182,9.247,-0.70,波动
_store_paged_kv_cache_chunk_kernel,mojo_opset/tests/perf/test_kv_cache.py::test_store_paged_kv[2-2-128-256-context_kv_lens_val15-q_lens_val15],3.374,3.465,-2.63,波动
_store_paged_kv_cache_chunk_kernel,mojo_opset/tests/perf/test_kv_cache.py::test_store_paged_kv[2-2-128-512-context_kv_lens_val16-q_lens_val16],3.687,3.636,+1.40,波动
_store_paged_kv_cache_chunk_kernel,mojo_opset/tests/perf/test_kv_cache.py::test_store_paged_kv[2-4-128-256-context_kv_lens_val3-q_lens_val3],1.861,1.841,+1.09,波动
_store_paged_kv_cache_chunk_kernel,mojo_opset/tests/perf/test_kv_cache.py::test_store_paged_kv[2-4-128-32-context_kv_lens_val2-q_lens_val2],1.654,1.608,+2.86,波动
_store_paged_kv_cache_chunk_kernel,mojo_opset/tests/perf/test_kv_cache.py::test_store_paged_kv[3-2-128-1024-context_kv_lens_val27-q_lens_val27],5.880,5.860,+0.34,波动
_store_paged_kv_cache_chunk_kernel,mojo_opset/tests/perf/test_kv_cache.py::test_store_paged_kv[3-2-128-128-context_kv_lens_val24-q_lens_val24],1.483,1.556,-4.69,波动
_store_paged_kv_cache_chunk_kernel,mojo_opset/tests/perf/test_kv_cache.py::test_store_paged_kv[3-2-128-128-context_kv_lens_val25-q_lens_val25],1.537,1.540,-0.19,波动
_store_paged_kv_cache_chunk_kernel,mojo_opset/tests/perf/test_kv_cache.py::test_store_paged_kv[3-2-128-2048-context_kv_lens_val28-q_lens_val28],6.412,6.349,+0.99,波动
_store_paged_kv_cache_chunk_kernel,mojo_opset/tests/perf/test_kv_cache.py::test_store_paged_kv[3-2-128-512-context_kv_lens_val26-q_lens_val26],3.159,3.078,+2.63,波动
_store_paged_kv_cache_chunk_kernel,mojo_opset/tests/perf/test_kv_cache.py::test_store_paged_kv[3-8-128-128-context_kv_lens_val5-q_lens_val5],1.949,1.899,+2.63,波动
_store_paged_kv_cache_chunk_kernel,mojo_opset/tests/perf/test_kv_cache.py::test_store_paged_kv[3-8-128-64-context_kv_lens_val4-q_lens_val4],1.970,1.944,+1.34,波动
_store_paged_kv_cache_chunk_kernel,mojo_opset/tests/perf/test_kv_cache.py::test_store_paged_kv[4-16-128-128-context_kv_lens_val6-q_lens_val6],4.317,4.152,+3.97,波动
_store_paged_kv_cache_chunk_kernel,mojo_opset/tests/perf/test_kv_cache.py::test_store_paged_kv[4-16-128-512-context_kv_lens_val7-q_lens_val7],4.548,4.590,-0.92,波动
_store_paged_kv_cache_chunk_kernel,mojo_opset/tests/perf/test_kv_cache.py::test_store_paged_kv[5-24-128-256-context_kv_lens_val9-q_lens_val9],4.491,4.364,+2.91,波动
_store_paged_kv_cache_chunk_kernel,mojo_opset/tests/perf/test_kv_cache.py::test_store_paged_kv[5-24-128-64-context_kv_lens_val8-q_lens_val8],4.700,4.788,-1.84,波动
_store_paged_kv_cache_chunk_kernel,mojo_opset/tests/perf/test_kv_cache.py::test_store_paged_kv[6-24-128-1024-context_kv_lens_val10-q_lens_val10],8.718,8.527,+2.24,波动
_store_paged_kv_cache_chunk_kernel,mojo_opset/tests/perf/test_kv_cache.py::test_store_paged_kv[6-24-128-128-context_kv_lens_val11-q_lens_val11],7.187,7.275,-1.21,波动
_store_paged_kv_cache_chunk_kernel,mojo_opset/tests/perf/test_kv_cache.py::test_store_paged_kv[8-2-128-1024-context_kv_lens_val32-q_lens_val32],7.924,8.076,-1.88,波动
_store_paged_kv_cache_chunk_kernel,mojo_opset/tests/perf/test_kv_cache.py::test_store_paged_kv[8-2-128-1024-context_kv_lens_val35-q_lens_val35],3.424,3.420,+0.12,波动
_store_paged_kv_cache_chunk_kernel,mojo_opset/tests/perf/test_kv_cache.py::test_store_paged_kv[8-2-128-128-context_kv_lens_val29-q_lens_val29],3.693,3.618,+2.07,波动
_store_paged_kv_cache_chunk_kernel,mojo_opset/tests/perf/test_kv_cache.py::test_store_paged_kv[8-2-128-128-context_kv_lens_val30-q_lens_val30],1.897,1.924,-1.40,波动
_store_paged_kv_cache_chunk_kernel,mojo_opset/tests/perf/test_kv_cache.py::test_store_paged_kv[8-2-128-2048-context_kv_lens_val33-q_lens_val33],10.843,10.678,+1.55,波动
_store_paged_kv_cache_chunk_kernel,mojo_opset/tests/perf/test_kv_cache.py::test_store_paged_kv[8-2-128-2048-context_kv_lens_val36-q_lens_val36],5.029,4.949,+1.62,波动
_store_paged_kv_cache_chunk_kernel,mojo_opset/tests/perf/test_kv_cache.py::test_store_paged_kv[8-2-128-512-context_kv_lens_val31-q_lens_val31],5.160,5.257,-1.85,波动
_store_paged_kv_cache_chunk_kernel,mojo_opset/tests/perf/test_kv_cache.py::test_store_paged_kv[8-2-128-512-context_kv_lens_val34-q_lens_val34],2.553,2.610,-2.18,波动
_store_paged_kv_cache_chunk_kernel,mojo_opset/tests/perf/test_kv_cache.py::test_store_paged_kv_bucket_padded_varlen,1.698,1.705,-0.41,波动
_swa_bwd_dkdv_kernel,mojo_opset/tests/perf/test_attention_swa_mfu.py::test_swa_function_perf[False-4-1023-M_BF16_1024],37.901,37.895,+0.02,波动
_swa_bwd_dkdv_kernel,mojo_opset/tests/perf/test_attention_swa_mfu.py::test_swa_function_perf[False-4-1023-M_BF16_131072],6119.596,6123.852,-0.07,波动
_swa_bwd_dkdv_kernel,mojo_opset/tests/perf/test_attention_swa_mfu.py::test_swa_function_perf[False-4-1023-M_BF16_16384],764.938,766.969,-0.26,波动
_swa_bwd_dkdv_kernel,mojo_opset/tests/perf/test_attention_swa_mfu.py::test_swa_function_perf[False-4-1023-M_BF16_2048],104.216,104.831,-0.59,波动
_swa_bwd_dkdv_kernel,mojo_opset/tests/perf/test_attention_swa_mfu.py::test_swa_function_perf[False-4-1023-M_BF16_32768],1554.653,1567.762,-0.84,波动
_swa_bwd_dkdv_kernel,mojo_opset/tests/perf/test_attention_swa_mfu.py::test_swa_function_perf[False-4-1023-M_BF16_4096],191.108,191.071,+0.02,波动
_swa_bwd_dkdv_kernel,mojo_opset/tests/perf/test_attention_swa_mfu.py::test_swa_function_perf[False-4-1023-M_BF16_65536],3073.281,3073.689,-0.01,波动
_swa_bwd_dkdv_kernel,mojo_opset/tests/perf/test_attention_swa_mfu.py::test_swa_function_perf[False-4-1023-M_BF16_8192],373.062,375.733,-0.71,波动
_swa_bwd_dq_kernel,mojo_opset/tests/perf/test_attention_swa_mfu.py::test_swa_function_perf[False-4-1023-M_BF16_1024],27.095,27.243,-0.54,波动
_swa_bwd_dq_kernel,mojo_opset/tests/perf/test_attention_swa_mfu.py::test_swa_function_perf[False-4-1023-M_BF16_131072],4638.000,4637.093,+0.02,波动
_swa_bwd_dq_kernel,mojo_opset/tests/perf/test_attention_swa_mfu.py::test_swa_function_perf[False-4-1023-M_BF16_16384],568.047,568.386,-0.06,波动
_swa_bwd_dq_kernel,mojo_opset/tests/perf/test_attention_swa_mfu.py::test_swa_function_perf[False-4-1023-M_BF16_2048],63.480,63.140,+0.54,波动
_swa_bwd_dq_kernel,mojo_opset/tests/perf/test_attention_swa_mfu.py::test_swa_function_perf[False-4-1023-M_BF16_32768],1150.918,1155.557,-0.40,波动
_swa_bwd_dq_kernel,mojo_opset/tests/perf/test_attention_swa_mfu.py::test_swa_function_perf[False-4-1023-M_BF16_4096],134.859,134.959,-0.07,波动
_swa_bwd_dq_kernel,mojo_opset/tests/perf/test_attention_swa_mfu.py::test_swa_function_perf[False-4-1023-M_BF16_65536],2309.346,2311.428,-0.09,波动
_swa_bwd_dq_kernel,mojo_opset/tests/perf/test_attention_swa_mfu.py::test_swa_function_perf[False-4-1023-M_BF16_8192],278.187,279.121,-0.33,波动
_swa_bwd_preprocess,mojo_opset/tests/perf/test_attention_swa_mfu.py::test_swa_function_perf[False-4-1023-M_BF16_1024],6.394,5.664,+12.89,波动
_swa_bwd_preprocess,mojo_opset/tests/perf/test_attention_swa_mfu.py::test_swa_function_perf[False-4-1023-M_BF16_131072],847.762,834.820,+1.55,波动
_swa_bwd_preprocess,mojo_opset/tests/perf/test_attention_swa_mfu.py::test_swa_function_perf[False-4-1023-M_BF16_16384],141.945,139.761,+1.56,波动
_swa_bwd_preprocess,mojo_opset/tests/perf/test_attention_swa_mfu.py::test_swa_function_perf[False-4-1023-M_BF16_2048],9.311,7.751,+20.13,波动
_swa_bwd_preprocess,mojo_opset/tests/perf/test_attention_swa_mfu.py::test_swa_function_perf[False-4-1023-M_BF16_32768],259.068,259.453,-0.15,波动
_swa_bwd_preprocess,mojo_opset/tests/perf/test_attention_swa_mfu.py::test_swa_function_perf[False-4-1023-M_BF16_4096],20.530,14.805,+38.67,劣化
_swa_bwd_preprocess,mojo_opset/tests/perf/test_attention_swa_mfu.py::test_swa_function_perf[False-4-1023-M_BF16_65536],454.212,449.193,+1.12,波动
_swa_bwd_preprocess,mojo_opset/tests/perf/test_attention_swa_mfu.py::test_swa_function_perf[False-4-1023-M_BF16_8192],58.506,50.037,+16.93,劣化
_swa_fwd_kernel,mojo_opset/tests/perf/test_attention_swa_mfu.py::test_swa_function_perf[False-4-1023-M_BF16_1024],24.728,25.104,-1.50,波动
_swa_fwd_kernel,mojo_opset/tests/perf/test_attention_swa_mfu.py::test_swa_function_perf[False-4-1023-M_BF16_131072],4096.283,4095.379,+0.02,波动
_swa_fwd_kernel,mojo_opset/tests/perf/test_attention_swa_mfu.py::test_swa_function_perf[False-4-1023-M_BF16_16384],507.250,507.389,-0.03,波动
_swa_fwd_kernel,mojo_opset/tests/perf/test_attention_swa_mfu.py::test_swa_function_perf[False-4-1023-M_BF16_2048],56.689,56.659,+0.05,波动
_swa_fwd_kernel,mojo_opset/tests/perf/test_attention_swa_mfu.py::test_swa_function_perf[False-4-1023-M_BF16_32768],1021.370,1021.970,-0.06,波动
_swa_fwd_kernel,mojo_opset/tests/perf/test_attention_swa_mfu.py::test_swa_function_perf[False-4-1023-M_BF16_4096],120.401,120.251,+0.12,波动
_swa_fwd_kernel,mojo_opset/tests/perf/test_attention_swa_mfu.py::test_swa_function_perf[False-4-1023-M_BF16_65536],2044.963,2047.378,-0.12,波动
_swa_fwd_kernel,mojo_opset/tests/perf/test_attention_swa_mfu.py::test_swa_function_perf[False-4-1023-M_BF16_8192],248.964,248.404,+0.23,波动
_swa_paged_decode_kernel,mojo_opset/tests/perf/test_attention.py::test_paged_decode_swa[AABB-4-1023-M_BF16_0],19.265,19.025,+1.26,波动
_swa_paged_decode_kernel,mojo_opset/tests/perf/test_attention.py::test_paged_decode_swa[AABB-4-1023-M_BF16_1],9.974,10.147,-1.70,波动
_swa_paged_decode_kernel,mojo_opset/tests/perf/test_attention.py::test_paged_decode_swa[AABB-4-1023-M_BF16_BIGPAGE],10.711,9.546,+12.20,波动
_swa_paged_decode_kernel,mojo_opset/tests/perf/test_attention.py::test_paged_decode_swa[AABB-4-1023-M_BF16_GROUP1],10.231,10.140,+0.90,波动
_swa_paged_decode_kernel,mojo_opset/tests/perf/test_attention.py::test_paged_decode_swa[AABB-4-1023-M_BF16_GROUP2],10.403,10.493,-0.86,波动
_swa_paged_decode_kernel,mojo_opset/tests/perf/test_attention.py::test_paged_decode_swa[AABB-4-1023-M_BF16_LONG0],13.194,13.131,+0.48,波动
_swa_paged_decode_kernel,mojo_opset/tests/perf/test_attention.py::test_paged_decode_swa[AABB-4-1023-M_BF16_LONG1],10.605,10.459,+1.40,波动
_swa_paged_decode_kernel,mojo_opset/tests/perf/test_attention.py::test_paged_decode_swa[AABB-4-1023-M_BF16_LONG_16384],16.612,16.238,+2.30,波动
_swa_paged_decode_kernel,mojo_opset/tests/perf/test_attention.py::test_paged_decode_swa[AABB-4-1023-M_BF16_LONG_32768],16.086,16.439,-2.15,波动
_swa_paged_decode_kernel,mojo_opset/tests/perf/test_attention.py::test_paged_decode_swa[AABB-4-1023-M_BF16_PADDIM0],10.266,10.733,-4.35,波动
_swa_paged_decode_kernel,mojo_opset/tests/perf/test_attention.py::test_paged_decode_swa[AABB-4-1023-M_BF16_PADDIM1],11.220,11.529,-2.68,波动
_swa_paged_decode_kernel,mojo_opset/tests/perf/test_attention.py::test_paged_decode_swa[AABB-4-1023-M_BF16_PADSEQ],4.647,4.914,-5.43,波动
_swa_paged_prefill_aggregation_kernel,mojo_opset/tests/perf/test_attention.py::test_paged_prefill_swa[AABB-4-1023-M_BF16],46.328,45.950,+0.82,波动
_swa_paged_prefill_kernel,mojo_opset/tests/perf/test_attention.py::test_paged_prefill_swa[AABB-4-1023-M_BF16_BIGPAGE],44.435,44.571,-0.31,波动
_swa_paged_prefill_kernel,mojo_opset/tests/perf/test_attention.py::test_paged_prefill_swa[AABB-4-1023-M_BF16_GROUP1],57.374,57.476,-0.18,波动
_swa_paged_prefill_kernel,mojo_opset/tests/perf/test_attention.py::test_paged_prefill_swa[AABB-4-1023-M_BF16_GROUP2],113.088,112.744,+0.31,波动
_swa_paged_prefill_kernel,mojo_opset/tests/perf/test_attention.py::test_paged_prefill_swa[AABB-4-1023-M_BF16_PADDIM],102.274,101.681,+0.58,波动
_swa_paged_prefill_kernel,mojo_opset/tests/perf/test_attention.py::test_paged_prefill_swa[AABB-4-1023-M_BF16_PADSEQ],3.942,3.984,-1.05,波动
_swa_paged_prefill_kernel,mojo_opset/tests/perf/test_attention.py::test_paged_prefill_swa[AABB-4-1023-M_BF16_WITH_CACHE],18.944,19.248,-1.58,波动
_swa_paged_prefill_kernel,mojo_opset/tests/perf/test_attention.py::test_paged_prefill_swa[AABB-4-1023-M_BF16_WITH_CACHE_16348],455.793,455.738,+0.01,波动
_swa_paged_prefill_kernel,mojo_opset/tests/perf/test_attention.py::test_paged_prefill_swa[AABB-4-1023-M_BF16_WITH_CACHE_32768],1068.034,1068.517,-0.05,波动
_swiglu_fwd_kernel,mojo_opset/tests/perf/test_activation.py::test_swiglu[shape0],2.298,2.299,-0.04,波动
_swiglu_fwd_kernel,mojo_opset/tests/perf/test_activation.py::test_swiglu[shape1],19.864,19.760,+0.53,波动
_swiglu_fwd_kernel,mojo_opset/tests/perf/test_activation.py::test_swiglu[shape2],21.724,22.551,-3.67,波动
_top_k_sample_kernel,mojo_opset/tests/perf/test_sampling.py::test_topk_sampling[logits0-20-1],8.423,8.157,+3.26,波动
_top_k_sample_kernel,mojo_opset/tests/perf/test_sampling.py::test_topk_sampling[logits1-50-1],5.848,6.026,-2.95,波动
_top_k_sample_kernel,mojo_opset/tests/perf/test_sampling.py::test_topk_sampling[logits2-100-1],6.355,6.750,-5.85,波动
_top_p_filter_kernel,mojo_opset/tests/perf/test_sampling.py::test_topp_filter[logits0-1000-0.7-1],8.432,8.250,+2.21,波动
_top_p_filter_kernel,mojo_opset/tests/perf/test_sampling.py::test_topp_filter[logits1-100-0.7-1],2.767,2.790,-0.82,波动
_top_p_filter_kernel,mojo_opset/tests/perf/test_sampling.py::test_topp_filter[logits2-100-0.7-1],2.861,3.008,-4.89,波动
_vision_rope_apply_kernel,mojo_opset/tests/perf/test_position_embedding.py::test_apply_vision_rope_2d[dtype0-vision_448_27l_20h_h64-grid0],2.116,2.126,-0.47,波动
_vision_rope_apply_kernel,mojo_opset/tests/perf/test_position_embedding.py::test_apply_vision_rope_2d[dtype0-vision_448_27l_20h_h64-grid1],2.566,2.655,-3.35,波动
_vision_rope_apply_kernel,mojo_opset/tests/perf/test_position_embedding.py::test_apply_vision_rope_2d[dtype0-vision_448_27l_20h_h64-grid2],3.313,3.536,-6.31,波动
_vision_rope_apply_kernel,mojo_opset/tests/perf/test_position_embedding.py::test_apply_vision_rope_2d[dtype1-vision_448_27l_20h_h64-grid0],2.181,2.180,+0.05,波动
_vision_rope_apply_kernel,mojo_opset/tests/perf/test_position_embedding.py::test_apply_vision_rope_2d[dtype1-vision_448_27l_20h_h64-grid1],2.695,2.619,+2.90,波动
_vision_rope_apply_kernel,mojo_opset/tests/perf/test_position_embedding.py::test_apply_vision_rope_2d[dtype1-vision_448_27l_20h_h64-grid2],3.266,3.248,+0.55,波动
causal_conv1d_update_kernel_bdt_fwd,mojo_opset/tests/perf/test_convolution.py::test_causal_conv1d_update_state[hidden_states0-conv_state0-weight0-None-swish],483.126,482.900,+0.05,波动
causal_conv1d_update_kernel_bdt_fwd,mojo_opset/tests/perf/test_convolution.py::test_causal_conv1d_update_state[hidden_states1-conv_state1-weight1-None-swish],53.165,52.813,+0.67,波动
causal_conv1d_update_kernel_bdt_fwd,mojo_opset/tests/perf/test_convolution.py::test_causal_conv1d_update_state[hidden_states2-conv_state2-weight2-None-swish],5.323,6.073,-12.35,波动
causal_conv1d_update_kernel_bdt_fwd,mojo_opset/tests/perf/test_convolution.py::test_causal_conv1d_update_state[hidden_states3-conv_state3-weight3-None-swish],5.627,5.791,-2.83,波动
causal_conv1d_update_kernel_bdt_fwd,mojo_opset/tests/perf/test_convolution.py::test_causal_conv1d_update_state[hidden_states4-conv_state4-weight4-None-None],5.596,5.366,+4.29,波动
causal_conv1d_update_kernel_bdt_fwd,mojo_opset/tests/perf/test_convolution.py::test_causal_conv1d_update_state[hidden_states5-conv_state5-weight5-None-None],9.020,9.443,-4.48,波动
causal_conv1d_update_kernel_bdt_fwd,mojo_opset/tests/perf/test_convolution.py::test_causal_conv1d_update_state[hidden_states6-conv_state6-weight6-None-None],4.261,3.956,+7.71,波动
flex_attention_backward_dkdv_kernel,mojo_opset/tests/perf/test_flex_attention_mfu.py::test_flex_attention_perf[full_2000_22000],54654.326,54620.354,+0.06,波动
flex_attention_backward_dkdv_kernel_tasklist,mojo_opset/tests/perf/test_flex_attention_mfu.py::test_flex_attention_perf[cross_2000_22000],88017.777,86807.081,+1.39,波动
flex_attention_backward_dkdv_kernel_tasklist,mojo_opset/tests/perf/test_flex_attention_mfu.py::test_flex_attention_perf[sparse_2000_22000],46426.974,46348.504,+0.17,波动
flex_attention_backward_dkdv_kernel_tasklist,mojo_opset/tests/perf/test_flex_attention_mfu.py::test_flex_attention_perf[stair_6500],12845.393,12884.672,-0.30,波动
flex_attention_backward_dkdv_kernel_tasklist,mojo_opset/tests/perf/test_flex_attention_mfu.py::test_flex_attention_perf[video_stair_6500],12853.509,12880.575,-0.21,波动
flex_attention_backward_dq_kernel,mojo_opset/tests/perf/test_flex_attention_mfu.py::test_flex_attention_perf[cross_2000_22000],60873.439,60851.804,+0.04,波动
flex_attention_backward_dq_kernel,mojo_opset/tests/perf/test_flex_attention_mfu.py::test_flex_attention_perf[full_2000_22000],38891.560,38869.729,+0.06,波动
flex_attention_backward_dq_kernel,mojo_opset/tests/perf/test_flex_attention_mfu.py::test_flex_attention_perf[sparse_2000_22000],33106.860,33087.178,+0.06,波动
flex_attention_backward_dq_kernel,mojo_opset/tests/perf/test_flex_attention_mfu.py::test_flex_attention_perf[stair_6500],9550.015,9529.939,+0.21,波动
flex_attention_backward_dq_kernel,mojo_opset/tests/perf/test_flex_attention_mfu.py::test_flex_attention_perf[video_stair_6500],9549.326,9530.648,+0.20,波动
flex_attention_kernel,mojo_opset/tests/perf/test_flex_attention_mfu.py::test_flex_attention_perf[cross_2000_22000],55147.193,53480.954,+3.12,劣化
flex_attention_kernel,mojo_opset/tests/perf/test_flex_attention_mfu.py::test_flex_attention_perf[full_2000_22000],30186.824,30172.152,+0.05,波动
flex_attention_kernel,mojo_opset/tests/perf/test_flex_attention_mfu.py::test_flex_attention_perf[sparse_2000_22000],25814.083,25845.991,-0.12,波动
flex_attention_kernel,mojo_opset/tests/perf/test_flex_attention_mfu.py::test_flex_attention_perf[stair_6500],7490.705,7499.037,-0.11,波动
flex_attention_kernel,mojo_opset/tests/perf/test_flex_attention_mfu.py::test_flex_attention_perf[video_stair_6500],7482.929,7503.527,-0.27,波动
kernel_sdpa_bwd_d,mojo_opset/tests/perf/test_sdpa_impl.py::test_sdpa_impl[1-5-1-128-2048-32],11.428,8.951,+27.67,劣化
kernel_sdpa_bwd_d,mojo_opset/tests/perf/test_sdpa_impl.py::test_sdpa_impl[1-8-2-128-8192-32],49.144,45.306,+8.47,劣化
kernel_sdpa_bwd_kv,mojo_opset/tests/perf/test_sdpa_impl.py::test_sdpa_impl[1-8-2-128-8192-32],6716.523,6743.194,-0.40,波动
kernel_sdpa_bwd_q,mojo_opset/tests/perf/test_sdpa_impl.py::test_sdpa_impl[1-8-2-128-8192-32],4995.761,4964.903,+0.62,波动
kernel_sdpa_bwd_qkv,mojo_opset/tests/perf/test_sdpa_impl.py::test_sdpa_impl[1-5-1-128-2048-32],413.339,412.518,+0.20,波动
kernel_sdpa_fwd,mojo_opset/tests/perf/test_sdpa_impl.py::test_sdpa_impl[1-5-1-128-2048-32],155.198,155.312,-0.07,波动
kernel_sdpa_fwd,mojo_opset/tests/perf/test_sdpa_impl.py::test_sdpa_impl[1-8-2-128-8192-32],3674.659,3728.576,-1.45,波动
lightning_indexer_kernel,mojo_opset/tests/perf/test_indexer.py::test_lightning_index[query0-query_scale0-key0-key_scale0],812.021,815.891,-0.47,波动
lightning_indexer_kernel,mojo_opset/tests/perf/test_indexer.py::test_lightning_index[query1-query_scale1-key1-key_scale1],823.402,811.211,+1.50,波动
lightning_indexer_kernel,mojo_opset/tests/perf/test_indexer.py::test_lightning_index[query2-query_scale2-key2-key_scale2],5818.628,5819.711,-0.02,波动
lightning_indexer_kernel,mojo_opset/tests/perf/test_indexer.py::test_lightning_index[query3-query_scale3-key3-key_scale3],4454.631,4456.963,-0.05,波动
lightning_indexer_kernel,mojo_opset/tests/perf/test_indexer.py::test_lightning_index[query4-query_scale4-key4-key_scale4],4553.875,4518.813,+0.78,波动
lightning_indexer_kernel,mojo_opset/tests/perf/test_indexer.py::test_lightning_index[query5-query_scale5-key5-key_scale5],34885.284,34884.296,+0.00,波动
lightning_indexer_kernel,mojo_opset/tests/perf/test_indexer.py::test_lightning_index[query6-query_scale6-key6-key_scale6],67.217,66.462,+1.14,波动
lightning_indexer_kernel,mojo_opset/tests/perf/test_indexer.py::test_lightning_index[query7-query_scale7-key7-key_scale7],68.644,66.510,+3.21,劣化
lightning_indexer_kernel,mojo_opset/tests/perf/test_indexer.py::test_lightning_index[query8-query_scale8-key8-key_scale8],551.592,551.110,+0.09,波动
n_gram_decode_kernel,mojo_opset/tests/perf/test_over_encoding.py::test_n_gram_additional_shapes[decode-b48-s1],3.984,3.678,+8.32,波动
n_gram_decode_kernel,mojo_opset/tests/perf/test_over_encoding.py::test_n_gram_parametrized[10086-oe_vocab_sizes0-n_grams0-input_ids1-None-oe_history_inputs1],6.701,6.749,-0.71,波动
n_gram_decode_kernel,mojo_opset/tests/perf/test_over_encoding.py::test_over_encoding_additional_shapes[decode-b48-s1],3.480,3.699,-5.92,波动
n_gram_decode_kernel,mojo_opset/tests/perf/test_over_encoding.py::test_over_encoding_parametrized[1536-192-10086-oe_vocab_sizes0-n_grams0-input_ids1-None-oe_history_inputs1],6.436,6.218,+3.51,波动
n_gram_prefill_kerenl,mojo_opset/tests/perf/test_over_encoding.py::test_n_gram_additional_shapes[prefill-b3-len5-7-9],8.822,8.882,-0.68,波动
n_gram_prefill_kerenl,mojo_opset/tests/perf/test_over_encoding.py::test_n_gram_parametrized[10086-oe_vocab_sizes0-n_grams0-input_ids0-seq_lens0-oe_history_inputs0],7.342,7.732,-5.04,波动
n_gram_prefill_kerenl,mojo_opset/tests/perf/test_over_encoding.py::test_over_encoding_additional_shapes[prefill-b3-len5-7-9],9.073,9.257,-1.99,波动
n_gram_prefill_kerenl,mojo_opset/tests/perf/test_over_encoding.py::test_over_encoding_parametrized[1536-192-10086-oe_vocab_sizes0-n_grams0-input_ids0-seq_lens0-oe_history_inputs0],7.424,7.413,+0.15,波动
paged_decode_fd_kernel,mojo_opset/tests/perf/test_attention.py::test_paged_decode_gqa[AABB-M_BF16_LONG],14.745,15.691,-6.03,波动
paged_decode_fd_kernel,mojo_opset/tests/perf/test_attention.py::test_paged_decode_gqa[AABB-M_BF16_LONG_16384],20.835,20.895,-0.29,波动
paged_decode_fd_kernel,mojo_opset/tests/perf/test_attention.py::test_paged_decode_gqa[AABB-M_BF16_LONG_32768],40.276,41.889,-3.85,波动
paged_decode_fd_reduce_kernel,mojo_opset/tests/perf/test_attention.py::test_paged_decode_gqa[AABB-M_BF16_LONG],2.659,3.437,-22.64,波动
paged_decode_fd_reduce_kernel,mojo_opset/tests/perf/test_attention.py::test_paged_decode_gqa[AABB-M_BF16_LONG_16384],2.786,3.587,-22.33,波动
paged_decode_fd_reduce_kernel,mojo_opset/tests/perf/test_attention.py::test_paged_decode_gqa[AABB-M_BF16_LONG_32768],3.764,3.676,+2.39,波动
paged_decode_kernel,mojo_opset/tests/perf/test_attention.py::test_paged_decode_gqa[AABB-M_BF16],18.041,18.333,-1.59,波动
paged_decode_kernel,mojo_opset/tests/perf/test_attention.py::test_paged_decode_gqa[AABB-M_BF16_BIGPAGE],12.039,12.538,-3.98,波动
paged_decode_kernel,mojo_opset/tests/perf/test_attention.py::test_paged_decode_gqa[AABB-M_BF16_PADDIM],9.485,9.151,+3.65,波动
paged_decode_kernel,mojo_opset/tests/perf/test_attention.py::test_paged_decode_gqa[AABB-M_BF16_PADSEQ],5.343,5.672,-5.80,波动
paged_prefill_kernel,mojo_opset/tests/perf/test_attention.py::test_paged_prefill_gqa[AABB-M_BF16_128K_FULL],190583.345,190497.262,+0.05,波动
paged_prefill_kernel,mojo_opset/tests/perf/test_attention.py::test_paged_prefill_gqa[AABB-M_BF16_BIGPAGE],63.987,63.421,+0.89,波动
paged_prefill_kernel,mojo_opset/tests/perf/test_attention.py::test_paged_prefill_gqa[AABB-M_BF16_PADDIM],49.012,49.135,-0.25,波动
paged_prefill_kernel,mojo_opset/tests/perf/test_attention.py::test_paged_prefill_gqa[AABB-M_BF16_PADSEQ],7.907,8.614,-8.21,波动
paged_prefill_kernel,mojo_opset/tests/perf/test_attention.py::test_paged_prefill_gqa[AABB-M_BF16_WITH_CACHE],909.535,908.900,+0.07,波动
paged_prefill_kernel,mojo_opset/tests/perf/test_attention.py::test_paged_prefill_gqa[AABB-M_BF16_WITH_CACHE_16384],4720.581,4695.615,+0.53,波动
paged_prefill_kernel,mojo_opset/tests/perf/test_attention.py::test_paged_prefill_gqa[AABB-M_BF16_WITH_CACHE_32768],13068.311,12954.928,+0.88,波动
paged_prefill_page_aggregation_kernel,mojo_opset/tests/perf/test_attention.py::test_paged_prefill_gqa[AABB-M_BF16],43.121,43.268,-0.34,波动
